Meeting Date,350-375,375-400,400-425,425-450,450-475,475-500,500-525,525-550
9/16/2026,39.60%,60.40%,0.00%,0.00%,0.00%,0.00%,,
10/28/2026,29.10%,54.90%,16.10%,0.00%,0.00%,0.00%,0.00%,0.00%
12/9/2026,13.70%,41.30%,36.50%,8.50%,0.00%,0.00%,0.00%,0.00%
1/27/2027,10.30%,34.30%,37.70%,15.60%,2.10%,0.00%,0.00%,0.00%
3/17/2027,6.10%,24.50%,36.30%,24.60%,7.60%,0.90%,0.00%,0.00%
4/28/2027,5.10%,21.70%,34.50%,26.40%,10.20%,1.90%,0.10%,0.00%
6/9/2027,3.90%,17.80%,31.50%,28.30%,14.00%,3.80%,0.50%,0.00%
7/28/2027,3.70%,16.90%,30.60%,28.50%,14.90%,4.50%,0.80%,0.10%
9/15/2027,3.50%,16.10%,29.80%,28.60%,15.70%,5.10%,1.00%,0.10%
10/27/2027,3.40%,16.00%,29.70%,28.70%,15.90%,5.20%,1.00%,0.10%
12/8/2027,3.80%,16.40%,29.60%,28.30%,15.60%,5.10%,1.00%,0.10%
