CUSIP,Description,Product,Moody's/S&P rating,Expected coupon,Coupon frequency,Expected Yield,Maturity date,Maturity term,Order period,Call protected,Quantity available,Settlement date,Inflation factor,Index,Cap,Participation Rate,Expected Price,Attributes,
DS19U4573,CHARLES SCHWAB BANK SSB,CD,--/ --,4.100,AT MATURITY,4.1%,2026-11-06,1 MO,,Yes,14198,2026-10-09,,,,,100,FDIC SO CP
DS19N8000,BANK OZK,CD,--/ --,3.850,AT MATURITY,3.85%,2026-11-09,1 MO,,Yes,5749,2026-10-07,,,,,100,FDIC SO SKY CP
DS1A51349,TRADITION CAPITAL BANK,CD,--/ --,4.000,AT MATURITY,4%,2026-11-12,1 MO,,Yes,18661,2026-10-13,,,,,100,FDIC SO CP
DS19U1251,BEAL BANK USA,CD,--/ --,3.900,AT MATURITY,3.9%,2026-11-12,1 MO,,Yes,6725,2026-10-14,,,,,100,FDIC SO SKY CP
DS19U5027,SOUTHEAST BANK,CD,--/ --,4.050,AT MATURITY,4.05%,2027-01-06,3 MO,,Yes,824,2026-10-06,,,,,100,FDIC SO CP
DS19O7633,BANK OZK,CD,--/ --,3.950,AT MATURITY,3.95%,2027-01-07,3 MO,,Yes,925,2026-10-07,,,,,100,FDIC SO SKY CP
DS1A17513,INDUSTRIAL & COMMERCIAL BANK OF CHINA,CD,--/ --,4.050,AT MATURITY,4.05%,2027-01-08,3 MO,,Yes,588,2026-10-09,,,,,100,F FDIC SO CP
DS1A27384,NORTHPOINTE BANK,CD,--/ --,4.150,AT MATURITY,4.15%,2027-01-08,3 MO,,Yes,96867,2026-10-08,,,,,100,FDIC SO CP
DS1A16855,THE FIRST STATE BANK OF HEALY,CD,--/ --,4.050,AT MATURITY,4.05%,2027-01-11,3 MO,,Yes,3286,2026-10-09,,,,,100,FDIC SO CP
DS1A26803,GOLDMAN SACHS BANK USA,CD,--/ --,4.000,AT MATURITY,4%,2027-01-13,3 MO,,Yes,32421,2026-10-13,,,,,100,F FDIC SO CP
DS1A15365,FVCBANK,CD,--/ --,4.100,AT MATURITY,4.1%,2027-01-14,3 MO,,Yes,27,2026-10-14,,,,,100,FDIC SO CP
DS19U5208,PARK STATE BANK,CD,--/ --,4.050,AT MATURITY,4.05%,2027-01-14,3 MO,,Yes,8148,2026-10-14,,,,,100,FDIC SO CP
DS1A19914,ELEMENTS FINANCIAL FCU,Credit union share certificate (CUSC),--/ --,4.200,AT MATURITY,4.2%,2027-01-15,3 MO,,Yes,3036,2026-10-15,,,,,100,NCUA SO CP
DS1A27955,HABIB AMERICAN BANK,CD,--/ --,4.100,AT MATURITY,4.1%,2027-01-15,3 MO,,Yes,18977,2026-10-15,,,,,100,FDIC SO CP
DS1A28979,FIRST BUSINESS BANK,CD,--/ --,4.050,AT MATURITY,4.05%,2027-01-15,3 MO,,Yes,9960,2026-10-15,,,,,100,FDIC SO CP
DS1A53474,BANK OF CHINA,CD,--/ --,4.150,AT MATURITY,4.15%,2027-01-15,3 MO,,Yes,13644,2026-10-15,,,,,100,FDIC SO SKY CP
DS1A13202,WESTERN ALLIANCE BANK,CD,--/ --,4.100,AT MATURITY,4.1%,2027-01-19,3 MO,,Yes,20273,2026-10-16,,,,,100,FDIC SO CP
DS1A18900,SPRING VALLEY BANK,CD,--/ --,4.000,AT MATURITY,4%,2027-01-19,3 MO,,Yes,340,2026-10-16,,,,,100,FDIC SO CP
DS1A25779,BOGOTA SAVINGS BANK,CD,--/ --,4.000,AT MATURITY,4%,2027-01-20,3 MO,,Yes,9890,2026-10-20,,,,,100,FDIC SO SKY CP
DS19U5033,SOUTHEAST BANK,CD,--/ --,4.100,AT MATURITY,4.1%,2027-02-08,4 MO,,Yes,5836,2026-10-06,,,,,100,FDIC SO CP
DS19S9754,WATERSTONE BANK SSB,CD,--/ --,4.150,AT MATURITY,4.15%,2027-03-09,5 MO,,Yes,614,2026-10-09,,,,,100,FDIC SO SKY CP
DS19U4831,PEOPLES BANK,CD,--/ --,4.150,AT MATURITY,4.15%,2027-03-09,5 MO,,Yes,1126,2026-10-09,,,,,100,FDIC SO CP
DS1A20141,FARMERS BANK,CD,--/ --,4.150,MONTHLY,4.15%,2027-03-15,5 MO,,Yes,43,2026-10-15,,,,,100,FDIC SO CP
DS19L0715,SOFI BANK NA,CD,--/ --,4.200,AT MATURITY,4.2%,2027-04-06,6 MO,,Yes,20928,2026-10-06,,,,,100,FDIC SO CP
DS19O7835,BANK OZK,CD,--/ --,4.000,AT MATURITY,4%,2027-04-07,6 MO,,Yes,3747,2026-10-07,,,,,100,FDIC SO SKY CP
DS19P8431,ASSOCIATED BANK NA,CD,--/ --,4.200,AT MATURITY,4.2%,2027-04-07,6 MO,,Yes,170,2026-10-07,,,,,100,FDIC SO SKY CP
DS19T4954,WAFD BK FOA WASHINGTON FB,CD,--/ --,4.200,AT MATURITY,4.2%,2027-04-07,6 MO,,Yes,1699,2026-10-07,,,,,100,FDIC SO CP
DS19N5169,WINGS CREDIT UNION,Credit union share certificate (CUSC),--/ --,4.250,AT MATURITY,4.25%,2027-04-08,6 MO,,Yes,974,2026-10-08,,,,,100,NCUA SO CP
DS1A17520,INDUSTRIAL & COMMERCIAL BANK OF CHINA,CD,--/ --,4.150,AT MATURITY,4.15%,2027-04-09,6 MO,,Yes,2778,2026-10-09,,,,,100,FDIC SO CP
DS1A26808,GOLDMAN SACHS BANK USA,CD,--/ --,4.150,AT MATURITY,4.15%,2027-04-13,6 MO,,Yes,6988,2026-10-13,,,,,100,F FDIC SO CP
DS1A24110,FRONTIER BANK,CD,--/ --,4.200,AT MATURITY,4.2%,2027-04-14,6 MO,,Yes,1192,2026-10-14,,,,,100,FDIC SO SKY CP
DS19U4374,EXCHANGE BANK,CD,--/ --,4.200,AT MATURITY,4.2%,2027-04-14,6 MO,,Yes,1396,2026-10-14,,,,,100,FDIC SO CP
DS19U7889,UNITY BANK,CD,--/ --,4.200,AT MATURITY,4.2%,2027-04-14,6 MO,,Yes,1926,2026-10-14,,,,,100,FDIC SO CP
DS1A26157,PINNACLE BANK,CD,--/ --,4.200,AT MATURITY,4.2%,2027-04-15,6 MO,,Yes,3924,2026-10-15,,,,,100,FDIC SO CP
DS1A53480,BANK OF CHINA,CD,--/ --,4.250,AT MATURITY,4.25%,2027-04-15,6 MO,,Yes,14758,2026-10-15,,,,,100,FDIC SO SKY CP
DS1A13207,WESTERN ALLIANCE BANK,CD,--/ --,4.250,AT MATURITY,4.25%,2027-04-16,6 MO,,Yes,6875,2026-10-16,,,,,100,FDIC SO CP
DS1A18905,SPRING VALLEY BANK,CD,--/ --,4.150,AT MATURITY,4.15%,2027-04-16,6 MO,,Yes,495,2026-10-16,,,,,100,FDIC SO CP
DS1A13475,MIZRAHI TEFAHOT BANK,CD,--/ --,4.300,AT MATURITY,4.3%,2027-04-19,6 MO,,Yes,8291,2026-10-15,,,,,100,FDIC SO SKY CP
DS19N8005,BANK OZK,CD,--/ --,3.850,MONTHLY,3.85%,2027-06-07,8 MO,,Yes,4714,2026-10-07,,,,,100,FDIC SO SKY CP
DS19S9759,WATERSTONE BANK SSB,CD,--/ --,4.200,AT MATURITY,4.2%,2027-06-09,8 MO,,Yes,497,2026-10-09,,,,,100,FDIC SO SKY CP
DS1A13066,ELKHORN VALLEY BANK & TRUST,CD,--/ --,4.250,AT MATURITY,4.25%,2027-06-16,8 MO,,Yes,1029,2026-10-16,,,,,100,FDIC SO SKY CP
DS19P8449,ASSOCIATED BANK NA,CD,--/ --,4.300,AT MATURITY,4.3%,2027-07-07,9 MO,,Yes,1391,2026-10-07,,,,,100,FDIC SO SKY CP
DS19T5003,WAFD BK FOA WASHINGTON FB,CD,--/ --,4.300,AT MATURITY,4.3%,2027-07-07,9 MO,,Yes,7657,2026-10-07,,,,,100,FDIC SO CP
DS19N5174,WINGS CREDIT UNION,Credit union share certificate (CUSC),--/ --,4.400,AT MATURITY,4.4%,2027-07-08,9 MO,,Yes,1540,2026-10-08,,,,,100,NCUA SO CP
DS1A12160,FINWISE BANK,CD,--/ --,4.400,AT MATURITY,4.4%,2027-07-09,9 MO,,Yes,5318,2026-10-09,,,,,100,FDIC SO CP
DS19U5805,WELLS FARGO BANK NA,CD,--/ --,4.450,AT MATURITY,4.45%,2027-07-09,9 MO,,Yes,23856,2026-10-09,,,,,100,FDIC SO CP
DS19T4605,BANKWELL BANK,CD,--/ --,4.400,AT MATURITY,4.4%,2027-07-12,9 MO,,Yes,3679,2026-10-09,,,,,100,FDIC SO CP
DS1A26814,GOLDMAN SACHS BANK USA,CD,--/ --,4.350,AT MATURITY,4.35%,2027-07-13,9 MO,,Yes,7271,2026-10-13,,,,,100,F FDIC SO CP
DS19U4614,MECHANICS & FARMERS BANK,CD,--/ --,4.400,AT MATURITY,4.4%,2027-07-14,9 MO,,Yes,584,2026-10-14,,,,,100,FDIC SO CP
DS1A29602,PINNACLE BANK,CD,--/ --,4.350,AT MATURITY,4.35%,2027-07-15,9 MO,,Yes,9324,2026-10-15,,,,,100,FDIC SO CP
DS1A53486,BANK OF CHINA,CD,--/ --,4.400,AT MATURITY,4.4%,2027-07-15,9 MO,,Yes,15000,2026-10-15,,,,,100,FDIC SO SKY CP
DS1A13216,WESTERN ALLIANCE BANK,CD,--/ --,4.450,AT MATURITY,4.45%,2027-07-16,9 MO,,Yes,23392,2026-10-16,,,,,100,FDIC SO CP
DS1A18911,SPRING VALLEY BANK,CD,--/ --,4.350,AT MATURITY,4.35%,2027-07-16,9 MO,,Yes,343,2026-10-16,,,,,100,FDIC SO CP
DS1A14969,ELKHORN VALLEY BANK & TRUST,CD,--/ --,4.350,AT MATURITY,4.35%,2027-08-09,10 MO,,Yes,870,2026-10-09,,,,,100,FDIC SO SKY CP
DS19N8011,BANK OZK,CD,--/ --,4.000,MONTHLY,4%,2027-09-07,11 MO,,Yes,3942,2026-10-07,,,,,100,FDIC SO SKY CP
DS19T4527,HINGHAM INSTITUTION FOR SAVINGS,CD,--/ --,4.400,AT MATURITY,4.4%,2027-09-13,11 MO,,Yes,1694,2026-10-13,,,,,100,FDIC SO CP
DS1A28646,FIRST COMMUNITY BK OF TENNESSEE,CD,--/ --,4.450,MONTHLY,4.45%,2027-09-20,11 MO,,Yes,1224,2026-10-19,,,,,100,FDIC SO CP
DS1A12367,SAFRA NATIONAL BANK,CD,--/ --,4.500,AT MATURITY,4.5%,2027-10-05,1 YR,,Yes,7828,2026-10-06,,,,,100,FDIC SO CP
DS19I3675,PROSPECT BANK,CD,--/ --,4.200,AT MATURITY,4.2%,2027-10-06,1 YR,,Yes,1632,2026-10-06,,,,,100,FDIC SO CP
DS19L0728,SOFI BANK NA,CD,--/ --,4.350,AT MATURITY,4.35%,2027-10-06,1 YR,,Yes,47414,2026-10-06,,,,,100,FDIC SO CP
DS1A14995,BANK OF NEW YORK MELLON,CD,--/ --,4.450,AT MATURITY,4.45%,2027-10-07,1 YR,,Yes,3951,2026-10-08,,,,,100,FDIC SO CP
DS19O7877,BANK OZK,CD,--/ --,4.050,AT MATURITY,4.05%,2027-10-07,1 YR,,Yes,3833,2026-10-07,,,,,100,FDIC SO SKY CP
DS19P8457,ASSOCIATED BANK NA,CD,--/ --,4.350,AT MATURITY,4.35%,2027-10-07,1 YR,,Yes,2442,2026-10-07,,,,,100,F FDIC SO SKY CP
DS19S4677,POPULAR BANK,CD,--/ --,4.400,AT MATURITY,4.4%,2027-10-07,1 YR,,Yes,164,2026-10-07,,,,,100,FDIC SO SKY CP
DS19T5012,WAFD BK FOA WASHINGTON FB,CD,--/ --,4.400,MONTHLY,4.4%,2027-10-07,1 YR,,No,7474,2026-10-07,,,,,100,FDIC SO
DS1A12138,FINWISE BANK,CD,--/ --,4.450,AT MATURITY,4.45%,2027-10-08,1 YR,,Yes,7075,2026-10-09,,,,,100,FDIC SO CP
DS1A53496,BANK OF CHINA,CD,--/ --,4.500,AT MATURITY,4.5%,2027-10-08,1 YR,,Yes,14779,2026-10-15,,,,,100,FDIC SO SKY CP
DS19L1464,FIRST HERITAGE BANK,CD,--/ --,4.300,AT MATURITY,4.3%,2027-10-08,1 YR,,Yes,441,2026-10-08,,,,,100,FDIC SO CP
DS19N8498,HERITAGE BANK INC,CD,--/ --,4.500,MONTHLY,4.5%,2027-10-08,1 YR,,No,2375,2026-10-08,,,,,100,FDIC SO
DS19O7851,IDABEL NATIONAL BANK,CD,--/ --,4.300,AT MATURITY,4.3%,2027-10-08,1 YR,,Yes,1965,2026-10-09,,,,,100,FDIC SO CP
DS19T1888,REGIONS BANK,CD,--/ --,4.450,AT MATURITY,4.45%,2027-10-08,1 YR,,Yes,16549,2026-10-08,,,,,100,FDIC SO SKY CP
DS19U5810,WELLS FARGO BANK NA,CD,--/ --,4.500,AT MATURITY,4.5%,2027-10-08,1 YR,,Yes,28755,2026-10-09,,,,,100,FDIC SO CP
DS19U9179,COASTAL STATES BANK,CD,--/ --,4.450,AT MATURITY,4.45%,2027-10-08,1 YR,,Yes,3138,2026-10-09,,,,,100,FDIC SO CP
DS1A26819,GOLDMAN SACHS BANK USA,CD,--/ --,4.500,AT MATURITY,4.5%,2027-10-13,1 YR,,Yes,7146,2026-10-13,,,,,100,F FDIC SO CP
DS19S1024,UNIVERSAL BK CA,CD,--/ --,4.400,MONTHLY,4.4%,2027-10-13,1 YR,,Yes,1904,2026-10-13,,,,,100,FDIC SO SKY CP
DS1A19264,CITIBANK NA,CD,--/ --,4.600,SEMIANNUAL,4.6%,2027-10-14,1 YR,,No,20742,2026-10-14,,,,,100,FDIC SO
DS1A13221,WESTERN ALLIANCE BANK,CD,--/ --,4.500,AT MATURITY,4.5%,2027-10-15,1 YR,,Yes,17763,2026-10-16,,,,,100,FDIC SO CP
DS1A18917,SPRING VALLEY BANK,CD,--/ --,4.400,AT MATURITY,4.4%,2027-10-15,1 YR,,Yes,474,2026-10-16,,,,,100,FDIC SO CP
DS1A19806,EMPOWER CREDIT UNION,Credit union share certificate (CUSC),--/ --,4.600,MONTHLY,4.6%,2027-10-15,1 YR,,Yes,3124,2026-10-16,,,,,100,NCUA SO CP
DS1A21110,JP MORGAN CHASE,CD,--/ --,4.600,AT MATURITY,4.6%,2027-10-15,1 YR,,No,9100,2026-10-16,,,,,100,FDIC SO
DS1A22737,RONDOUT SAVING BANK,CD,--/ --,4.500,AT MATURITY,4.5%,2027-10-15,1 YR,,Yes,777,2026-10-15,,,,,100,FDIC SO CP
DS1A29346,TRUXTON TRUST COMPANY,CD,--/ --,4.450,AT MATURITY,4.45%,2027-10-15,1 YR,,Yes,2749,2026-10-15,,,,,100,FDIC SO CP
DS1A29636,PINNACLE BANK,CD,--/ --,4.350,AT MATURITY,4.35%,2027-10-15,1 YR,,Yes,9900,2026-10-15,,,,,100,FDIC SO CP
DS1A28665,FIRST COMMUNITY BK OF TENNESSEE,CD,--/ --,4.450,MONTHLY,4.45%,2027-10-19,1 YR,,Yes,1107,2026-10-19,,,,,100,FDIC SO CP
DS19M1589,FIRST SOURCE FEDERAL CU,Credit union share certificate (CUSC),--/ --,4.500,MONTHLY,4.5%,2027-10-22,1 YR,,Yes,1172,2026-10-23,,,,,100,NCUA SO SKY CP
DS1A13867,DUNDEE BANK,CD,--/ --,4.400,MONTHLY,4.4%,2028-01-10,15 MO,,Yes,996,2026-10-08,,,,,100,FDIC SO CP
DS19S8285,FIRST FARMERS BK & TR,CD,--/ --,4.450,MONTHLY,4.45%,2028-01-10,15 MO,,Yes,854,2026-10-09,,,,,100,FDIC SO CP
DS1A54437,Y-12 CREDIT UNION,Credit union share certificate (CUSC),--/ --,4.750,MONTHLY,4.75%,2028-01-18,15 MO,,Yes,1946,2026-10-16,,,,,100,NCUA SO CP
DS19S4089,MORGAN STANLEY PRIVATE BANK,CD,--/ --,4.700,SEMIANNUAL,4.7%,2028-04-07,18 MO,,Yes,2428,2026-10-07,,,,,100,FDIC SO CP
DS19T0362,JP MORGAN CHASE,CD,--/ --,4.750,ANNUAL,4.75%,2028-04-07,18 MO,,No,5123,2026-10-07,,,,,100,FDIC SO
DS19N5180,WINGS CREDIT UNION,Credit union share certificate (CUSC),--/ --,4.600,SEMIANNUAL,4.6%,2028-04-10,18 MO,,Yes,1801,2026-10-08,,,,,100,NCUA SO CP
DS19U5816,WELLS FARGO BANK NA,CD,--/ --,4.700,MONTHLY,4.7%,2028-04-10,18 MO,,Yes,63662,2026-10-09,,,,,100,FDIC SO CP
DS1A26926,GOLDMAN SACHS BANK USA,CD,--/ --,4.650,SEMIANNUAL,4.65%,2028-04-13,18 MO,,Yes,8945,2026-10-13,,,,,100,F FDIC SO CP
DS1A13228,WESTERN ALLIANCE BANK,CD,--/ --,4.700,SEMIANNUAL,4.7%,2028-04-17,18 MO,,Yes,15176,2026-10-16,,,,,100,FDIC SO CP
DS1A19818,EMPOWER CREDIT UNION,Credit union share certificate (CUSC),--/ --,4.750,MONTHLY,4.75%,2028-04-17,18 MO,,Yes,4345,2026-10-16,,,,,100,NCUA SO CP
DS19S2036,UNIVERSAL BK CA,CD,--/ --,4.550,MONTHLY,4.55%,2028-04-21,18 MO,,Yes,506,2026-10-23,,,,,100,FDIC SO SKY CP
DS19T6388,UBS BANK USA,CD,--/ --,4.850,MONTHLY,4.85%,2028-10-10,2 YR,,Yes,1337,2026-10-07,,,,,100,FDIC SO CP
DS19T9746,CAPITAL ONE NA,CD,--/ --,4.850,SEMIANNUAL,4.85%,2028-10-10,2 YR,,Yes,48,2026-10-07,,,,,100,F FDIC SO CP
DS19U5821,WELLS FARGO BANK NA,CD,--/ --,4.850,MONTHLY,4.85%,2028-10-10,2 YR,,Yes,25966,2026-10-09,,,,,100,FDIC SO CP
DS1A27029,GOLDMAN SACHS BANK USA,CD,--/ --,4.800,SEMIANNUAL,4.8%,2028-10-13,2 YR,,Yes,10149,2026-10-13,,,,,100,FDIC SO CP
DS1A19933,EMPOWER CREDIT UNION,Credit union share certificate (CUSC),--/ --,4.850,MONTHLY,4.85%,2028-10-16,2 YR,,Yes,4382,2026-10-16,,,,,100,NCUA SO CP
DS1A25538,THE BANK OF OLD MONROE,CD,--/ --,4.950,MONTHLY,4.95%,2028-10-16,2 YR,,No,945,2026-10-16,,,,,100,FDIC SO
DS1A26559,JP MORGAN CHASE,CD,--/ --,5.050,ANNUAL,5.05%,2028-10-16,2 YR,,No,9562,2026-10-16,,,,,100,FDIC SO
DS1A28533,CITIBANK NA,CD,--/ --,5.000,SEMIANNUAL,5%,2028-10-16,2 YR,,No,12396,2026-10-16,,,,,100,FDIC SO
DS1A54712,Y-12 CREDIT UNION,Credit union share certificate (CUSC),--/ --,4.950,MONTHLY,4.95%,2028-10-16,2 YR,,Yes,1825,2026-10-16,,,,,100,NCUA SO CP
DS19U9721,BANK HAPOALIM B.M.,CD,--/ --,4.850,SEMIANNUAL,4.85%,2028-10-16,2 YR,,Yes,1485,2026-10-16,,,,,100,FDIC SO SKY CP
DS1A14020,BMW BANK NA,CD,--/ --,4.950,SEMIANNUAL,4.95%,2029-04-09,30 MO,,Yes,194,2026-10-09,,,,,100,FDIC SO SKY CP
DS1A14205,FARMERS STATE BANK,CD,--/ --,5.000,MONTHLY,5%,2029-10-09,3 YR,,No,2117,2026-10-09,,,,,100,FDIC SO
DS19O6445,CITIBANK NA,CD,--/ --,5.000,SEMIANNUAL,5%,2029-10-09,3 YR,,No,1123,2026-10-09,,,,,100,FDIC SO
DS19O7626,GENESEE REGIONAL BANK,CD,--/ --,4.600,SEMIANNUAL,4.6%,2029-10-09,3 YR,,Yes,1523,2026-10-09,,,,,100,FDIC SO CP
DS19S4101,MORGAN STANLEY PRIVATE BANK,CD,--/ --,4.950,SEMIANNUAL,4.95%,2029-10-09,3 YR,,Yes,13923,2026-10-07,,,,,100,FDIC SO CP
DS19S4224,MORGAN STANLEY BANK,CD,--/ --,4.950,SEMIANNUAL,4.95%,2029-10-09,3 YR,,Yes,10808,2026-10-07,,,,,100,FDIC SO CP
DS19S7734,SALLIE MAE BANK,CD,--/ --,4.950,SEMIANNUAL,4.95%,2029-10-09,3 YR,,Yes,3923,2026-10-07,,,,,100,FDIC SO SKY CP
DS19T6409,UBS BANK USA,CD,--/ --,4.950,MONTHLY,4.95%,2029-10-09,3 YR,,Yes,2064,2026-10-07,,,,,100,FDIC SO CP
DS19U5827,WELLS FARGO BANK NA,CD,--/ --,4.950,MONTHLY,4.95%,2029-10-09,3 YR,,Yes,29776,2026-10-09,,,,,100,FDIC SO CP
DS1A27044,GOLDMAN SACHS BANK USA,CD,--/ --,4.950,SEMIANNUAL,4.95%,2029-10-15,3 YR,,Yes,9013,2026-10-13,,,,,100,FDIC SO CP
DS19U0651,TRUIST BANK,CD,--/ --,5.000,ANNUAL,5%,2029-10-15,3 YR,,No,4970,2026-10-15,,,,,100,FDIC SO
DS1A18623,FIRST NATIONAL BANK AMERICA,CD,--/ --,4.950,MONTHLY,4.95%,2029-10-16,3 YR,,No,895,2026-10-16,,,,,100,FDIC SO
DS1A25789,THE BANK OF OLD MONROE,CD,--/ --,5.000,MONTHLY,5%,2029-10-16,3 YR,,No,1571,2026-10-16,,,,,100,FDIC SO
DS19U3969,"MORGANSTANLEY BK LIMITED SURVIVOR OPTION UP TO 250,000",CD,--/ --,5.050,SEMIANNUAL,5.05%,2029-10-16,3 YR,,No,3064,2026-10-16,,,,,100,FDIC SO
DS19U4134,"MORGANSTANLEY PRIVATE BK LIMITED SURVIVOR OPTION UP TO 250,000",CD,--/ --,5.050,SEMIANNUAL,5.05%,2029-10-16,3 YR,,No,3873,2026-10-16,,,,,100,FDIC SO
DS19U9249,JP MORGAN CHASE,CD,--/ --,5.100,ANNUAL,5.1%,2029-10-16,3 YR,,No,7654,2026-10-16,,,,,100,FDIC SO
DS19U1452,TEXAS EXCHANGE BANK,CD,--/ --,5.000,MONTHLY,5%,2030-01-09,39 MO,,Yes,13302,2026-10-14,,,,,100,FDIC SO SKY CP
DS19S4107,MORGAN STANLEY PRIVATE BANK,CD,--/ --,5.000,SEMIANNUAL,5%,2030-10-07,4 YR,,Yes,9196,2026-10-07,,,,,100,FDIC SO CP
DS19S4231,MORGAN STANLEY BANK,CD,--/ --,5.000,SEMIANNUAL,5%,2030-10-07,4 YR,,Yes,6454,2026-10-07,,,,,100,FDIC SO CP
DS19T6440,UBS BANK USA,CD,--/ --,5.000,MONTHLY,5%,2030-10-07,4 YR,,Yes,2398,2026-10-07,,,,,100,FDIC SO CP
DS1A14158,BMW BANK NA,CD,--/ --,5.000,SEMIANNUAL,5%,2030-10-09,4 YR,,Yes,154,2026-10-09,,,,,100,FDIC SO SKY CP
DS19N1149,TUCSON FEDERAL CREDIT UNION,Credit union share certificate (CUSC),--/ --,5.000,MONTHLY,5%,2030-10-09,4 YR,,No,578,2026-10-09,,,,,100,NCUA SO
DS19U5832,WELLS FARGO BANK NA,CD,--/ --,5.000,MONTHLY,5%,2030-10-09,4 YR,,Yes,35662,2026-10-09,,,,,100,FDIC SO CP
DS1A27056,GOLDMAN SACHS BANK USA,CD,--/ --,5.000,SEMIANNUAL,5%,2030-10-15,4 YR,,Yes,10888,2026-10-13,,,,,100,FDIC SO CP
DS19U1469,TEXAS EXCHANGE BANK,CD,--/ --,5.000,MONTHLY,5%,2030-10-15,4 YR,,Yes,8585,2026-10-14,,,,,100,FDIC SO SKY CP
DS1A19332,FIRST NATIONAL BANK AMERICA,CD,--/ --,5.000,MONTHLY,5%,2030-10-16,4 YR,,No,900,2026-10-16,,,,,100,FDIC SO
DS1A26136,THE BANK OF OLD MONROE,CD,--/ --,5.050,MONTHLY,5.05%,2030-10-16,4 YR,,No,971,2026-10-16,,,,,100,FDIC SO
DS19U4114,"MORGANSTANLEY BK LIMITED SURVIVOR OPTION UP TO 250,000",CD,--/ --,5.150,SEMIANNUAL,5.15%,2030-10-16,4 YR,,No,4685,2026-10-16,,,,,100,FDIC SO
DS19U4245,"MORGANSTANLEY PRIVATE BK LIMITED SURVIVOR OPTION UP TO 250,000",CD,--/ --,5.150,SEMIANNUAL,5.15%,2030-10-16,4 YR,,No,4920,2026-10-16,,,,,100,FDIC SO
DS19U9259,JP MORGAN CHASE,CD,--/ --,5.200,ANNUAL,5.2%,2030-10-16,4 YR,,No,2843,2026-10-16,,,,,100,FDIC SO
DS19S4112,MORGAN STANLEY PRIVATE BANK,CD,--/ --,5.050,SEMIANNUAL,5.05%,2031-10-07,5 YR,,Yes,5782,2026-10-07,,,,,100,FDIC SO CP
DS19S4241,MORGAN STANLEY BANK,CD,--/ --,5.050,SEMIANNUAL,5.05%,2031-10-07,5 YR,,Yes,3234,2026-10-07,,,,,100,FDIC SO CP
DS19N9263,NEBRASKA BANK,CD,--/ --,5.000,SEMIANNUAL,5%,2031-10-08,5 YR,,No,1686,2026-10-08,,,,,100,FDIC SO SKY
DS19P1100,NATIONAL BANK OF COMMERCE,CD,--/ --,5.000,MONTHLY,5%,2031-10-09,5 YR,,No,766,2026-10-09,,,,,100,FDIC SO
DS19T3601,TUCSON FEDERAL CREDIT UNION,Credit union share certificate (CUSC),--/ --,5.050,MONTHLY,5.05%,2031-10-09,5 YR,,No,488,2026-10-09,,,,,100,NCUA SO
DS19U5837,WELLS FARGO BANK NA,CD,--/ --,5.050,MONTHLY,5.05%,2031-10-09,5 YR,,Yes,43099,2026-10-09,,,,,100,FDIC SO CP
DS1A27065,GOLDMAN SACHS BANK USA,CD,--/ --,5.050,SEMIANNUAL,5.05%,2031-10-14,5 YR,,Yes,18201,2026-10-13,,,,,100,FDIC SO CP
DS19U0681,TRUIST BANK,CD,--/ --,5.250,ANNUAL,5.25%,2031-10-15,5 YR,,No,3566,2026-10-15,,,,,100,FDIC SO
DS1A19409,FIRST NATIONAL BANK AMERICA,CD,--/ --,5.050,MONTHLY,5.05%,2031-10-16,5 YR,,No,992,2026-10-16,,,,,100,FDIC SO
DS1A28544,CITIBANK NA,CD,--/ --,5.400,SEMIANNUAL,5.4%,2031-10-16,5 YR,,No,10622,2026-10-16,,,,,100,FDIC SO
DS19U4124,"MORGANSTANLEY BK LIMITED SURVIVOR OPTION UP TO 250,000",CD,--/ --,5.300,SEMIANNUAL,5.3%,2031-10-16,5 YR,,No,3751,2026-10-16,,,,,100,FDIC SO
DS19U4354,"MORGANSTANLEY PRIVATE BK LIMITED SURVIVOR OPTION UP TO 250,000",CD,--/ --,5.300,SEMIANNUAL,5.3%,2031-10-16,5 YR,,No,4310,2026-10-16,,,,,100,FDIC SO
DS1A51497,JP MORGAN CHASE,CD,--/ --,5.450,ANNUAL,5.45%,2031-10-17,5 YR,,No,2928,2026-10-19,,,,,100,FDIC SO
DS19S7740,SALLIE MAE BANK,CD,--/ --,5.000,SEMIANNUAL,5%,2033-10-07,7 YR,,Yes,2053,2026-10-07,,,,,100,FDIC SO SKY CP
DS1A10961,LAKESIDE BANK,CD,--/ --,5.450,MONTHLY,5.45%,2036-10-09,10 YR,,No,1349,2026-10-09,,,,,100,FDIC SO
DS1A13485,JONESBORO STATE BANK,CD,--/ --,5.400,MONTHLY,5.4%,2036-10-09,10 YR,,No,4432,2026-10-09,,,,,100,FDIC SO SKY
DS1A10967,LAKESIDE BANK,CD,--/ --,5.450,MONTHLY,5.45%,2036-10-23,10 YR,,No,2086,2026-10-23,,,,,100,FDIC SO




"The data and information in this spreadsheet is provided to you solely for your use and is not for distribution. The		  "								
spreadsheet is provided for informational purposes only. It is not intended to provide advice nor should it be 
construed as an offer to sell a solicitation of an offer to buy or a recommendation for any security by Fidelity or any 
third party. Data and information shown is based on information known to Fidelity as of the date it was exported and 
is subject to change. It should not be used in place of your account statements or trade confirmations and is not 
intended for tax reporting purposes. For more information on the data included in this spreadsheet including any 
limitations thereof go to the Fixed Income Dashboard. 
Brokerage services are provided by Fidelity Brokerage Services LLC 900 Salem Street Smithfield RI 02917. 
Custody and other services provided by National Financial Services LLC. Both are Fidelity Investment companies 
and members SIPC NYSE. 

1191794.7.0
Date downloaded   10/05/2026 11:08 AM